match counts:576/762,,
ID,MATCH,未检出原因
4270001,Is not in any EP rules,
4000008, office漏洞利用,
4000504,Is not in any EP rules,
4010086,Is not in any EP rules,
4020067,Is not in any EP rules,
4020075,Is not in any EP rules,
4020170,Is not in any EP rules,
4020181,Is not in any EP rules,
4020193,Is not in any EP rules,
4020196,Is not in any EP rules,
4030001, 通过利用应用软件存在的缓冲区溢出漏洞发起攻击,
4030002, 通过利用应用软件存在的缓冲区溢出漏洞发起攻击,
4030003, 通过利用应用软件存在的缓冲区溢出漏洞发起攻击,
4030004, 通过利用应用软件存在的缓冲区溢出漏洞发起攻击,
4030005, 通过利用应用软件存在的缓冲区溢出漏洞发起攻击,
4030006, 通过利用应用软件存在的缓冲区溢出漏洞发起攻击,
4030007, 通过利用应用软件存在的缓冲区溢出漏洞发起攻击,
4030008, 通过利用应用软件存在的缓冲区溢出漏洞发起攻击,
4030020, 通过利用应用软件存在的缓冲区溢出漏洞发起攻击,
4030021, 通过利用应用软件存在的缓冲区溢出漏洞发起攻击,
4030022, 通过利用应用软件存在的缓冲区溢出漏洞发起攻击,
4030023, 通过利用应用软件存在的缓冲区溢出漏洞发起攻击,
4030024, 通过利用应用软件存在的缓冲区溢出漏洞发起攻击,
4030025, 通过利用应用软件存在的缓冲区溢出漏洞发起攻击,
4030026, 通过利用应用软件存在的缓冲区溢出漏洞发起攻击,
4030027, 通过利用应用软件存在的缓冲区溢出漏洞发起攻击,
4030028, 通过利用应用软件存在的缓冲区溢出漏洞发起攻击,
4030029, 通过利用应用软件存在的缓冲区溢出漏洞发起攻击,
4030033,Is not in any EP rules,
4050015,Is not in any EP rules,
4060001, 针对web服务的DOS攻击,
4060003, LOIC(或者HOIC) DDoS工具对目的IP发起DDoS攻击,
4060004, LOIC(或者HOIC) DDoS工具对目的IP发起DDoS攻击,
4060005, 针对web服务的DOS攻击,
4060006, 针对web服务的DOS攻击,
4060007, 针对web服务的DOS攻击,
4060008, 对外的DOS攻击,
4060009, 利用ICMP协议漏洞的DOS攻击,
4060010, 利用ICMP协议漏洞的DOS攻击,
4060011, 利用ICMP协议漏洞的DOS攻击,
4060012, 利用ICMP协议漏洞的DOS攻击,
4060013, 利用ICMP协议漏洞的DOS攻击,
4060014, 利用ICMP协议漏洞的DOS攻击,
4060015, 利用ICMP协议漏洞的DOS攻击,
4060016, 利用ICMP协议漏洞的DOS攻击,
4060017, 利用ICMP协议漏洞的DOS攻击,
4060018, 利用ICMP协议漏洞的DOS攻击,
4060019, 利用ICMP协议漏洞的DOS攻击,
4060020, 利用ICMP协议漏洞的DOS攻击,
4060021, 针对ntop的DOS攻击,
4060022, 针对HP数据保护管理器的DOS攻击,
4060026, 利用Winzip 15.0控件漏洞的DOS攻击,
4060027, 利用Winzip 15.0控件漏洞的DOS攻击,
4060029, ntop 基本认证DOS攻击,
4060030, OpenLDAP Modrdn DDOS攻击,
4060032, 内网机器NTP服务器被利用对外进行反射放大DDos攻击,
4060033, 内网机器NTP服务器被利用对外进行反射放大DDos攻击,
4060034, 内网机器NTP服务器被利用对外进行反射放大DDos攻击,
4060035, 内网机器NTP服务器被利用对外进行反射放大DDos攻击,
4060036, 内网机器NTP服务器被利用对外进行反射放大DDos攻击,
4060037, 内网机器NTP服务器被利用对外进行反射放大DDos攻击,
4060038, 内网机器NTP服务器被利用对外进行反射放大DDos攻击,
4060039, 内网机器NTP服务器被利用对外进行反射放大DDos攻击,
4060040, 内网机器NTP服务器被利用对外进行反射放大DDos攻击,
4060041, 内网机器NTP服务器被利用对外进行反射放大DDos攻击,
4060042, 内网机器NTP服务器被利用对外进行反射放大DDos攻击,
4060043, 内网机器NTP服务器被利用对外进行反射放大DDos攻击,
4060044, 内网机器NTP服务器被利用对外进行反射放大DDos攻击,
4060045, 内网机器NTP服务器被利用对外进行反射放大DDos攻击,
4060046, 内网机器NTP服务器被利用对外进行反射放大DDos攻击,
4060047, 内网机器NTP服务器被利用对外进行反射放大DDos攻击,
4060048, 内网机器NTP服务器被利用对外进行反射放大DDos攻击,
4060058, 内网机器NTP服务器被利用对外进行反射放大DDos攻击,
4060059, 内网机器NTP服务器被利用对外进行反射放大DDos攻击,
4080001,Is not in any EP rules,
4080006, 针对FTP服务器攻击,
4080007, 针对FTP服务器攻击,
4080008, 针对FTP服务器攻击,
4080009, 针对FTP服务器攻击,
4080010, 针对FTP服务器攻击,
4080011, 针对FTP服务器攻击,
4080012, 针对FTP服务器攻击,
4080013, 针对FTP服务器攻击,
4080014, 针对FTP服务器攻击,
4080015, 针对FTP服务器攻击,
4080016, 针对FTP服务器攻击,
4080017, 针对FTP服务器攻击,
4080049, 外网扫描器针对内网TFTP服务的扫描行为,
4080052, 外网扫描器针对内网TFTP服务的扫描行为,
4080053, 外网扫描器针对内网TFTP服务的扫描行为,
4080054, 外网扫描器针对内网TFTP服务的扫描行为,
4090002, IMAP组件漏洞攻击扫描,
4090003, IMAP组件漏洞攻击扫描,
4090004, IMAP组件漏洞攻击扫描,
4090005, IMAP组件漏洞攻击扫描,
4090006, IMAP组件漏洞攻击扫描,
4090007, IMAP组件漏洞攻击扫描,
4090008, IMAP组件漏洞攻击扫描,
4090009, IMAP组件漏洞攻击扫描,
4090010, IMAP组件漏洞攻击扫描,
4090011, IMAP组件漏洞攻击扫描,
4090012, IMAP组件漏洞攻击扫描,
4090013, IMAP组件漏洞攻击扫描,
4090014, IMAP组件漏洞攻击扫描,
4090015, IMAP组件漏洞攻击扫描,
4090016, IMAP组件漏洞攻击扫描,
4090017, IMAP组件漏洞攻击扫描,
4090018, IMAP组件漏洞攻击扫描,
4090019, 针对IMAP服务器暴力破解攻击,
4090022, 针对IMAP服务器暴力破解攻击,
4090024, Enumiax Inter-Asterisk交换协议用户名扫描,
4090025,Is not in any EP rules,
4110024,Is not in any EP rules,
4110025,Is not in any EP rules,
4110026,Is not in any EP rules,
4110027,Is not in any EP rules,
4110037,Is not in any EP rules,
4110041,Is not in any EP rules,
4110045,Is not in any EP rules,
4110046,Is not in any EP rules,
4110059, DCERPC Messenger服务缓冲区溢出尝试,
4110060, DCERPC Messenger服务缓冲区溢出尝试,
4110061,Is not in any EP rules,
4110062,Is not in any EP rules,
4110063,Is not in any EP rules,
4110064,Is not in any EP rules,
4110065,Is not in any EP rules,
4110066,Is not in any EP rules,
4120033,Is not in any EP rules,
4120034,Is not in any EP rules,
4120035, 恶意FTP异常流量,
4120036, 恶意FTP异常流量,
4120037, HP OpenView Storage Data Protector CRS opcode 1092缓冲区溢出尝试,
4120038, HP OpenView Storage Data Protector CRS opcode 1092缓冲区溢出尝试,
4120039, HP OpenView Storage Data Protector CRS opcode 1092缓冲区溢出尝试,
4120040, HP OpenView Storage Data Protector CRS opcode 1092缓冲区溢出尝试,
4120041, HP OpenView Storage Data Protector CRS opcode 1092缓冲区溢出尝试,
4120042, HP OpenView Storage Data Protector CRS opcode 1092缓冲区溢出尝试,
4120043, HP OpenView Storage Data Protector CRS opcode 1092缓冲区溢出尝试,
4120044, HP OpenView Storage Data Protector CRS opcode 1092缓冲区溢出尝试,
4120045, HP OpenView Storage Data Protector CRS opcode 1092缓冲区溢出尝试,
4120046, HP OpenView Storage Data Protector CRS opcode 1092缓冲区溢出尝试,
4120047, HP OpenView Storage Data Protector CRS opcode 1092缓冲区溢出尝试,
4120048, HP OpenView Storage Data Protector CRS opcode 1092缓冲区溢出尝试,
4120049, HP OpenView Storage Data Protector CRS opcode 1092缓冲区溢出尝试,
4120050, HP OpenView Storage Data Protector CRS opcode 1092缓冲区溢出尝试,
4120051, HP OpenView Storage Data Protector CRS opcode 1092缓冲区溢出尝试,
4120064, HP AIO Archive Query Server栈缓冲区溢出尝试,
4120065, HP AIO Archive Query Server栈缓冲区溢出尝试,
4120066, HP AIO Archive Query Server栈缓冲区溢出尝试,
4120100, 针对web服务的DOS攻击,
4120107, 针对目标web扫描,
4120108, 从源IP上检测到匿名代理使用,
4120109, 从源IP上检测到匿名代理使用,
4120110, 从源IP上检测到匿名代理使用,
4120115, 关联到网络威胁事件中的java反序列化漏洞攻击事件,
4120116, 关联到网络威胁事件中的java反序列化漏洞攻击事件,
4120187,Is not in any EP rules,
4120188,Is not in any EP rules,
4120189,Is not in any EP rules,
4120190,Is not in any EP rules,
4120198,Is not in any EP rules,
4120232,Is not in any EP rules,
4120233,Is not in any EP rules,
4120234,Is not in any EP rules,
4120235,Is not in any EP rules,
4120236,Is not in any EP rules,
4120244,Is not in any EP rules,
4120245,Is not in any EP rules,
4120269,Is not in any EP rules,
4120270,Is not in any EP rules,
4120305, 内网机器请求木马关联的IP,
4120306, 内网机器请求木马关联的IP,
4120307, 内网机器请求木马关联的IP,
4120308, 内网机器请求木马关联的IP,
4120309, 内网机器请求木马关联的IP,
4120310, 内网机器请求木马关联的IP,
4120311, 内网机器请求木马关联的IP,
4120312, 内网机器请求木马关联的IP,
4120313, 内网机器请求木马关联的IP,
4120314, 内网机器请求木马关联的IP,
4120315, 内网机器请求木马关联的IP,
4120316, 内网机器请求木马关联的IP,
4120317, 内网机器请求木马关联的IP,
4120318, 内网机器请求木马关联的IP,
4120319, 内网机器请求木马关联的IP,
4120320,Is not in any EP rules,
4120321, 内网机器请求木马关联的IP,
4120322,Is not in any EP rules,
4120323, 内网机器请求木马关联的IP,
4120324, 内网机器请求木马关联的IP,
4120325, 内网机器请求木马关联的IP,
4120326, 内网机器请求木马关联的IP,
4120327, 内网机器请求木马关联的IP,
4120328, 内网机器请求木马关联的IP,
4120329, 内网机器请求木马关联的IP,
4120330, 内网机器请求木马关联的IP,
4120331, 内网机器请求木马关联的IP,
4120332, 内网机器请求木马关联的IP,
4120333, 内网机器请求木马关联的IP,
4120334,Is not in any EP rules,
4120335, 内网机器请求木马关联的IP,
4120336, 内网机器请求木马关联的IP,
4120337, 内网机器请求木马关联的IP,
4120338, 内网机器请求木马关联的IP,
4120339, 内网机器请求木马关联的IP,
4120340, 内网机器请求木马关联的IP,
4120341, 内网机器请求木马关联的IP,
4120342, 内网机器请求木马关联的IP,
4120343, 内网机器请求木马关联的IP,
4120344, 内网机器请求木马关联的IP,
4120345,Is not in any EP rules,
4120346, 内网机器请求木马关联的IP,
4120347, 内网机器请求木马关联的IP,
4120348, 内网机器请求木马关联的IP,
4120349,Is not in any EP rules,
4120350, 内网机器请求木马关联的IP,
4120351, 内网机器请求木马关联的IP,
4120352,Is not in any EP rules,
4120353, 内网机器请求木马关联的IP,
4120354, 内网机器请求木马关联的IP,
4120355, 内网机器请求木马关联的IP,
4120356, 内网机器请求木马关联的IP,
4120360,Is not in any EP rules,
4120361,Is not in any EP rules,
4120363, 内网木马对外发送数据,
4120368,Is not in any EP rules,
4120369,Is not in any EP rules,
4120370, 内网木马对外发送数据,
4120371, 内网木马对外发送数据,
4120372, 内网木马对外发送数据,
4120373, 内网木马对外发送数据,
4120374, 内网木马对外发送数据,
4120377, 内网木马对外发送数据,
4120378, 内网木马对外发送数据,
4120390, 恶意的URI请求,
4120393, 恶意的URI请求,
4120394, 恶意的URI请求,
4120395, 恶意的URI请求,
4120396, 恶意的URI请求,
4120397, 恶意的URI请求,
4120398, 恶意的URI请求,
4120399, 恶意的URI请求,
4120400, 恶意的URI请求,
4120401, 恶意的URI请求,
4120402, 恶意的URI请求,
4120403, 恶意的URI请求,
4120404, 恶意的URI请求,
4120405, 恶意的URI请求,
4120406, 恶意的URI请求,
4120407, 恶意的URI请求,
4120408, 恶意的URI请求,
4120409, 恶意的URI请求,
4120410, 恶意的URI请求,
4120411, 恶意的URI请求,
4120412, 恶意的URI请求,
4120413, 恶意的URI请求,
4120414, 恶意的URI请求,
4120415, 恶意的URI请求,
4120416, 恶意的URI请求,
4120417, 恶意的URI请求,
4120418, 恶意的URI请求,
4120419, 恶意的URI请求,
4120420, 恶意的URI请求,
4120421, 恶意的URI请求,
4120422, 恶意的URI请求,
4120423, 恶意的URI请求,
4120424, 恶意的URI请求,
4120425, 恶意的URI请求,
4120426, 恶意的URI请求,
4120427, 恶意的URI请求,
4120428, 恶意的URI请求,
4120429, 恶意的URI请求,
4120489, 内网木马对外发送数据,
4120490, 内网木马对外发送数据,
4120491, 内网木马对外发送数据,
4120492, 内网木马对外发送数据,
4120493, 内网木马对外发送数据,
4130038, 内网机器访问外网的IP查询网站,
4150002, 暴力破解WordPress xmlrpc服务,
4170001, 使用扫描工具对web服务扫描,
4170002, 使用扫描工具对web服务扫描,
4170003, 使用扫描工具对web服务扫描,
4170004, 使用扫描工具对web服务扫描,
4170009, 使用扫描工具对web服务扫描,
4170010, 针对目标web扫描,
4170011, 使用扫描工具对web服务扫描,
4170012, 使用扫描工具对web服务扫描,
4170013, 使用扫描工具对web服务扫描,
4170014, 使用扫描工具对web服务扫描,
4170015, 使用扫描工具对web服务扫描,
4170016, 检测Hydra爆破工具爆破,
4170017, 使用扫描工具对web服务扫描,
4170018, 使用扫描工具对web服务扫描,
4170019, 使用扫描工具对web服务扫描,
4170020, 使用扫描工具对web服务扫描,
4170021, 使用扫描工具对web服务扫描,
4170022, 使用扫描工具对web服务扫描,
4170025, 使用扫描工具对web服务扫描,
4170026, 使用扫描工具对web服务扫描,
4170027, 使用扫描工具对web服务扫描,
4170028, 使用扫描工具对web服务扫描,
4170029, 使用扫描工具对web服务扫描,
4170030, 使用扫描工具对web服务扫描,
4170031, 使用扫描工具对web服务扫描,
4170032, 使用扫描工具对web服务扫描,
4170033, 针对目标web扫描,
4170034, 使用扫描工具对web服务扫描,
4170035, 针对目标web扫描,
4170037, 使用扫描工具对web服务扫描,
4170038, 使用扫描工具对web服务扫描,
4170039, 使用扫描工具对web服务扫描,
4170040, 使用扫描工具对web服务扫描,
4170041, 使用扫描工具对web服务扫描,
4170042, 使用扫描工具对web服务扫描,
4170043, 使用扫描工具对web服务扫描,
4170044, 使用扫描工具对web服务扫描,
4170045, 使用扫描工具对web服务扫描,
4170046, 使用扫描工具对web服务扫描,
4170047, 使用扫描工具对web服务扫描,
4170048, 使用扫描工具对web服务扫描,
4170049, 针对目的IP的Sqlmap注入工具注入测试,
4170050, 使用扫描工具对web服务扫描,
4170051, 使用扫描工具对web服务扫描,
4170052, 使用扫描工具对web服务扫描,
4170053, 使用扫描工具对web服务扫描,
4170054, 使用扫描工具对web服务扫描,
4170055, 使用扫描工具对web服务扫描,
4170056, Tomcat爆破攻击,
4170057, Tomcat爆破攻击,
4170058, 使用扫描工具对web服务扫描,
4170059, 使用扫描工具对web服务扫描,
4170060, 使用扫描工具对web服务扫描,
4170061, 使用扫描工具对web服务扫描,
4170062, 使用扫描工具对web服务扫描,
4170063, 使用扫描工具对web服务扫描,
4170064, 使用扫描工具对web服务扫描,
4170065, 使用扫描工具对web服务扫描,
4170066, 使用扫描工具对web服务扫描,
4170067, 使用扫描工具对web服务扫描,
4170068, 使用扫描工具对web服务扫描,
4170069, 使用扫描工具对web服务扫描,
4170070, 使用扫描工具对web服务扫描,
4170071, 使用扫描工具对web服务扫描,
4170072, 使用扫描工具对web服务扫描,
4170073, 使用扫描工具对web服务扫描,
4170074, 针对目的IP的SQLNinja SQL注入工具sql注入测试,
4170075, 针对目的IP的SQLNinja SQL注入工具sql注入测试,
4170076, 针对目的IP的SQLNinja SQL注入工具sql注入测试,
4170077, 针对目的IP的SQLNinja SQL注入工具sql注入测试,
4170078, 针对目的IP的SQLNinja SQL注入工具sql注入测试,
4170079, 使用扫描工具对web服务扫描,
4170080, 使用扫描工具对web服务扫描,
4170081, 使用扫描工具对web服务扫描,
4170082, 使用扫描工具对web服务扫描,
4170083, 使用扫描工具对web服务扫描,
4170084, 使用扫描工具对web服务扫描,
4170085, 使用扫描工具对web服务扫描,
4170086, 使用扫描工具对web服务扫描,
4170087, 使用扫描工具对web服务扫描,
4170088, Ping扫描,
4170089, Ping扫描,
4170090, 针对目标web扫描,
4170091, 针对目标web扫描,
4170092, Ping扫描,
4170093, Ping扫描,
4170094, Ping扫描,
4170095, Ping扫描,
4170096, Ping扫描,
4170097, Ping扫描,
4170098, Ping扫描,
4170099, Ping扫描,
4170100, Ping扫描,
4170101, Ping扫描,
4170102, Ping扫描,
4170103, Ping扫描,
4170104, Ping扫描,
4170105, Ping扫描,
4170109, FTP服务器暴力破解攻击,
4170110, FTP服务器暴力破解攻击,
4170112, 针对目的IP的SSH认证攻击,
4170113, SSH扫描,
4170114, SSH扫描,
4170115, UPnP TCP/UDP扫描,
4170117, 从外网机器发起的针对内网3389端口的远程桌面的频繁流量,
4170120, 外网机器对内网机器的VNC端口扫描行为,
4170121, 外网机器对内网机器的VNC端口扫描行为,
4170125, 使用扫描工具对web服务扫描,
4170126, 使用扫描工具对web服务扫描,
4170127, 使用扫描工具对web服务扫描,
4170128, 使用扫描工具对web服务扫描,
4170129, 使用扫描工具对web服务扫描,
4170130, 使用扫描工具对web服务扫描,
4170132, 使用扫描工具对web服务扫描,
4170133, 使用扫描工具对web服务扫描,
4170134, 使用扫描工具对web服务扫描,
4170135, 使用扫描工具对web服务扫描,
4170136, 针对目标web扫描,
4170137, 使用扫描工具对web服务扫描,
4170138, 使用扫描工具对web服务扫描,
4170139, 针对目的IP的SQLNinja SQL注入工具sql注入测试,
4170141, 针对源IP的FTP身份验证攻击,
4170143, 主机扫描137端口,
4170144, 从源ip上的本地主机扫描1433端口,
4170145, 从上的本地主机扫描1434端口,
4170146, 从源IP上检测到针对外部非保护区域的3389扫描,
4170147, UPnP TCP/UDP扫描,
4170148, UPnP TCP/UDP扫描,
4170151, UPnP TCP/UDP扫描,
4170152, 针对目的IP的sipvicious工具扫描,
4170153, 针对目的IP的sipvicious工具扫描,
4170156, 针对目的IP的Sipsak测试工具扫描测试,
4170165, 反常的139端口扫描,
4170166, 反常的139端口扫描,
4180002, 利用SMB漏洞利用，执行恶意代码执行,
4180003, 利用SMB漏洞利用，执行恶意代码执行,
4180004, 利用SMB漏洞利用，执行恶意代码执行,
4180005, 利用SMB漏洞利用，执行恶意代码执行,
4180007, 利用SMB漏洞利用，执行恶意代码执行,
4180008, 利用SMB漏洞利用，执行恶意代码执行,
4180009, 利用SMB漏洞利用，执行恶意代码执行,
4180015, 利用SMB漏洞利用，执行恶意代码执行,
4180018, 利用SMB漏洞利用，执行恶意代码执行,
4180020, 利用SMB漏洞利用，执行恶意代码执行,
4180021, 利用SMB漏洞利用，执行恶意代码执行,
4180023, 利用SMB漏洞利用，执行恶意代码执行,
4180026, 利用SMB漏洞利用，执行恶意代码执行,
4180028, 利用SMB漏洞利用，执行恶意代码执行,
4180029, 利用SMB漏洞利用，执行恶意代码执行,
4180032, 利用SMB漏洞利用，执行恶意代码执行,
4180033, 利用SMB漏洞利用，执行恶意代码执行,
4180058, 利用SMB漏洞利用，执行恶意代码执行,
4180059, 利用SMB漏洞利用，执行恶意代码执行,
4180060, 利用SMB漏洞利用，执行恶意代码执行,
4180061, 利用SMB漏洞利用，执行恶意代码执行,
4180062, 利用SMB漏洞利用，执行恶意代码执行,
4180063, 利用SMB漏洞利用，执行恶意代码执行,
4180064, 利用SMB漏洞利用，执行恶意代码执行,
4180065, 利用SMB漏洞利用，执行恶意代码执行,
4180083, 利用SMB漏洞利用，执行恶意代码执行,
4180084, 利用SMB漏洞利用，执行恶意代码执行,
4180085, 利用SMB漏洞利用，执行恶意代码执行,
4180086, 利用SMB漏洞利用，执行恶意代码执行,
4180087, 利用SMB漏洞利用，执行恶意代码执行,
4180088, 利用SMB漏洞利用，执行恶意代码执行,
4180089, 利用SMB漏洞利用，执行恶意代码执行,
4180090, 利用SMB漏洞利用，执行恶意代码执行,
4180092, 利用SMB漏洞利用，执行恶意代码执行,
4180094, 利用SMB漏洞利用，执行恶意代码执行,
4180095, 利用SMB漏洞利用，执行恶意代码执行,
4180099, 利用SMB漏洞利用，执行恶意代码执行,
4180100, 利用SMB漏洞利用，执行恶意代码执行,
4180101, 利用SMB漏洞利用，执行恶意代码执行,
4180105, 利用SMB漏洞利用，执行恶意代码执行,
4180106, 利用SMB漏洞利用，执行恶意代码执行,
4180107, 利用SMB漏洞利用，执行恶意代码执行,
4180108, 利用SMB漏洞利用，执行恶意代码执行,
4180109, 利用SMB漏洞利用，执行恶意代码执行,
4180110, 利用SMB漏洞利用，执行恶意代码执行,
4180111, 利用SMB漏洞利用，执行恶意代码执行,
4180112, 利用SMB漏洞利用，执行恶意代码执行,
4180113, 利用SMB漏洞利用，执行恶意代码执行,
4180122, 利用SMB漏洞利用，执行恶意代码执行,
4180123, 利用SMB漏洞利用，执行恶意代码执行,
4180124, 利用SMB漏洞利用，执行恶意代码执行,
4180126, 利用SMB漏洞利用，执行恶意代码执行,
4180135, 利用SMB漏洞利用，执行恶意代码执行,
4180142, 利用SMB漏洞利用，执行恶意代码执行,
4180145, 利用SMB漏洞利用，执行恶意代码执行,
4180147, 利用SMB漏洞利用，执行恶意代码执行,
4180148, 利用SMB漏洞利用，执行恶意代码执行,
4180150, 利用SMB漏洞利用，执行恶意代码执行,
4180153, 利用SMB漏洞利用，执行恶意代码执行,
4180155, 利用SMB漏洞利用，执行恶意代码执行,
4180156, 利用SMB漏洞利用，执行恶意代码执行,
4180165, 利用SMB漏洞利用，执行恶意代码执行,
4180166, 利用SMB漏洞利用，执行恶意代码执行,
4180198, 利用SMB漏洞利用，执行恶意代码执行,
4180199, 利用SMB漏洞利用，执行恶意代码执行,
4180200, 利用SMB漏洞利用，执行恶意代码执行,
4180201, 利用SMB漏洞利用，执行恶意代码执行,
4180202, 利用SMB漏洞利用，执行恶意代码执行,
4180203, 利用SMB漏洞利用，执行恶意代码执行,
4180204, 利用SMB漏洞利用，执行恶意代码执行,
4180205, 利用SMB漏洞利用，执行恶意代码执行,
4180223, 利用SMB漏洞利用，执行恶意代码执行,
4180224, 利用SMB漏洞利用，执行恶意代码执行,
4180225, 利用SMB漏洞利用，执行恶意代码执行,
4180226, 利用SMB漏洞利用，执行恶意代码执行,
4180227, 利用SMB漏洞利用，执行恶意代码执行,
4180228, 利用SMB漏洞利用，执行恶意代码执行,
4180229, 利用SMB漏洞利用，执行恶意代码执行,
4180230, 利用SMB漏洞利用，执行恶意代码执行,
4180231, 利用SMB漏洞利用，执行恶意代码执行,
4180235, 利用SMB漏洞利用，执行恶意代码执行,
4180236, 利用SMB漏洞利用，执行恶意代码执行,
4180240, 利用SMB漏洞利用，执行恶意代码执行,
4180241, 利用SMB漏洞利用，执行恶意代码执行,
4180242, 利用SMB漏洞利用，执行恶意代码执行,
4180243, 利用SMB漏洞利用，执行恶意代码执行,
4180244, 利用SMB漏洞利用，执行恶意代码执行,
4180245, 利用SMB漏洞利用，执行恶意代码执行,
4180246, 利用SMB漏洞利用，执行恶意代码执行,
4180247, 利用SMB漏洞利用，执行恶意代码执行,
4180248, 利用SMB漏洞利用，执行恶意代码执行,
4180257, 利用SMB漏洞利用，执行恶意代码执行,
4180258, 利用SMB漏洞利用，执行恶意代码执行,
4180267, 利用SMB漏洞利用，执行恶意代码执行,
4180269, 利用SMB漏洞利用，执行恶意代码执行,
4180270, 利用SMB漏洞利用，执行恶意代码执行,
4180271, 利用SMB漏洞利用，执行恶意代码执行,
4180275, 利用SMB漏洞利用，执行恶意代码执行,
4180276, 利用SMB漏洞利用，执行恶意代码执行,
4180279, 利用SMB漏洞利用，执行恶意代码执行,
4180280, 利用SMB漏洞利用，执行恶意代码执行,
4180285, 利用SMB漏洞利用，执行恶意代码执行,
4180286, 利用SMB漏洞利用，执行恶意代码执行,
4180290, 利用SMB漏洞利用，执行恶意代码执行,
4180291, 利用SMB漏洞利用，执行恶意代码执行,
4180292, 利用SMB漏洞利用，执行恶意代码执行,
4180293, 利用SMB漏洞利用，执行恶意代码执行,
4200299,Is not in any EP rules,
4200300,Is not in any EP rules,
4200301,Is not in any EP rules,
4220246,Is not in any EP rules,
4220247,Is not in any EP rules,
4220266,Is not in any EP rules,
4220269,Is not in any EP rules,
4220278,Is not in any EP rules,
4220279,Is not in any EP rules,
4220280,Is not in any EP rules,
4220281,Is not in any EP rules,
4220282,Is not in any EP rules,
4220283,Is not in any EP rules,
4220284,Is not in any EP rules,
4220304,Is not in any EP rules,
4220306,Is not in any EP rules,
4220307,Is not in any EP rules,
4220373,Is not in any EP rules,
4220374,Is not in any EP rules,
4220378,Is not in any EP rules,
4220395,Is not in any EP rules,
4220440,Is not in any EP rules,
4220441,Is not in any EP rules,
4220588,Is not in any EP rules,
4220688,Is not in any EP rules,
4220756,Is not in any EP rules,
4220776,Is not in any EP rules,
4220787,Is not in any EP rules,
4220788,Is not in any EP rules,
4220789,Is not in any EP rules,
4220900,Is not in any EP rules,
4220901,Is not in any EP rules,
4220994,Is not in any EP rules,
4220995,Is not in any EP rules,
4221146,Is not in any EP rules,
4221154,Is not in any EP rules,
4221155,Is not in any EP rules,
4221156,Is not in any EP rules,
4221159,Is not in any EP rules,
4221163,Is not in any EP rules,
4221168,Is not in any EP rules,
4221169,Is not in any EP rules,
4221170,Is not in any EP rules,
4221171,Is not in any EP rules,
4221206,Is not in any EP rules,
4221213,Is not in any EP rules,
4221246,Is not in any EP rules,
4221294,Is not in any EP rules,
4221295,Is not in any EP rules,
4221309,Is not in any EP rules,
4221313,Is not in any EP rules,
4221333,Is not in any EP rules,
4221353,Is not in any EP rules,
4221386,Is not in any EP rules,
4221387,Is not in any EP rules,
4221431,Is not in any EP rules,
4221432,Is not in any EP rules,
4221452,Is not in any EP rules,
4221489,Is not in any EP rules,
4221490,Is not in any EP rules,
4221513,Is not in any EP rules,
4221523,Is not in any EP rules,
4221552,Is not in any EP rules,
4221633,Is not in any EP rules,
4221634,Is not in any EP rules,
4221637,Is not in any EP rules,
4221638,Is not in any EP rules,
4221665,Is not in any EP rules,
4230019,Is not in any EP rules,
4230097,Is not in any EP rules,
4230098,Is not in any EP rules,
4230099,Is not in any EP rules,
4230100,Is not in any EP rules,
4230101,Is not in any EP rules,
4230102,Is not in any EP rules,
4230103,Is not in any EP rules,
4230104,Is not in any EP rules,
4230105,Is not in any EP rules,
4230106,Is not in any EP rules,
4230107,Is not in any EP rules,
4230108, 内网机器请求木马关联的IP,
4230109,Is not in any EP rules,
4230110,Is not in any EP rules,
4230111,Is not in any EP rules,
4230112,Is not in any EP rules,
4230123,Is not in any EP rules,
4242144,Is not in any EP rules,
4242145,Is not in any EP rules,
4242146,Is not in any EP rules,
4242159,Is not in any EP rules,
4242160,Is not in any EP rules,
4242162,Is not in any EP rules,
4242186,Is not in any EP rules,
4242344,Is not in any EP rules,
4242400,Is not in any EP rules,
4242540,Is not in any EP rules,
4242541,Is not in any EP rules,
4242542,Is not in any EP rules,
4242563,Is not in any EP rules,
4242636,Is not in any EP rules,
4242638,Is not in any EP rules,
4242639,Is not in any EP rules,
4242640,Is not in any EP rules,
4242854, Web APP攻击,
4242887,Is not in any EP rules,
4242888,Is not in any EP rules,
4242889,Is not in any EP rules,
4242890,Is not in any EP rules,
4242892,Is not in any EP rules,
4242904,Is not in any EP rules,
4242905,Is not in any EP rules,
4242935,Is not in any EP rules,
4242949,Is not in any EP rules,
4242959,Is not in any EP rules,
4242965,Is not in any EP rules,
4242968,Is not in any EP rules,
4242969,Is not in any EP rules,
4242981,Is not in any EP rules,
4242987,Is not in any EP rules,
4242997,Is not in any EP rules,
4244534, 已知页面SQL注入攻击,
4244535, 已知页面SQL注入攻击,
4244536, 已知页面SQL注入攻击,
4244537, 已知页面SQL注入攻击,
4244538, 已知页面SQL注入攻击,
4244539, 已知页面SQL注入攻击,
4244540, 已知页面SQL注入攻击,
4244541, 已知页面SQL注入攻击,
4244542, 已知页面SQL注入攻击,
4244543, 已知页面SQL注入攻击,
4244544, 已知页面SQL注入攻击,
4244545, 已知页面SQL注入攻击,
4244546, 已知页面SQL注入攻击,
4244547, 已知页面SQL注入攻击,
4244548, 已知页面SQL注入攻击,
4244549, 已知页面SQL注入攻击,
4244550, 已知页面SQL注入攻击,
4244551, 已知页面SQL注入攻击,
4244552, 已知页面SQL注入攻击,
4244553, 已知页面SQL注入攻击,
4244554, 已知页面SQL注入攻击,
4244555, 已知页面SQL注入攻击,
4244556, 已知页面SQL注入攻击,
4244557, 已知页面SQL注入攻击,
4244558, 已知页面SQL注入攻击,
4244559, 已知页面SQL注入攻击,
4244560, 已知页面SQL注入攻击,
4244561, 已知页面SQL注入攻击,
4244562, 已知页面SQL注入攻击,
4244563, 已知页面SQL注入攻击,
4244564, 已知页面SQL注入攻击,
4244565, 已知页面SQL注入攻击,
4244566, 已知页面SQL注入攻击,
4244567, 已知页面SQL注入攻击,
4244568, 已知页面SQL注入攻击,
4244569, 已知页面SQL注入攻击,
4244570, 已知页面SQL注入攻击,
4244571, 已知页面SQL注入攻击,
4244572, 已知页面SQL注入攻击,
4244573, 已知页面SQL注入攻击,
4244574, 已知页面SQL注入攻击,
4244575, 已知页面SQL注入攻击,
4244576, 已知页面SQL注入攻击,
4244577, 已知页面SQL注入攻击,
4244578, 已知页面SQL注入攻击,
4244579, 已知页面SQL注入攻击,
4244580, 已知页面SQL注入攻击,
4244581, 已知页面SQL注入攻击,
4244582, 已知页面SQL注入攻击,
4244583, 已知页面SQL注入攻击,
4244584, 已知页面SQL注入攻击,
4244585, 已知页面SQL注入攻击,
4244586, 已知页面SQL注入攻击,
4244587, 已知页面SQL注入攻击,
4244588, 已知页面SQL注入攻击,
4244589, 已知页面SQL注入攻击,
4244590, 已知页面SQL注入攻击,
4244591, 已知页面SQL注入攻击,
4244592, 已知页面SQL注入攻击,
4244593, 已知页面SQL注入攻击,
4244594, 已知页面SQL注入攻击,
4244595, 已知页面SQL注入攻击,
4244596, 已知页面SQL注入攻击,
4244597, 已知页面SQL注入攻击,
4244598, 已知页面SQL注入攻击,
4244599, 已知页面SQL注入攻击,
4244600, 已知页面SQL注入攻击,
4244601, 已知页面SQL注入攻击,
4244602, 已知页面SQL注入攻击,
4244603, 已知页面SQL注入攻击,
4244604, 已知页面SQL注入攻击,
4244605, 已知页面SQL注入攻击,
4244606, 已知页面SQL注入攻击,
4244607, 已知页面SQL注入攻击,
4244608, 已知页面SQL注入攻击,
4244609, 已知页面SQL注入攻击,
4244610, 已知页面SQL注入攻击,
4244611, 已知页面SQL注入攻击,
4244612, 已知页面SQL注入攻击,
4244613, 已知页面SQL注入攻击,
4244614, 已知页面SQL注入攻击,
4244615, 已知页面SQL注入攻击,
4244616, 已知页面SQL注入攻击,
4244617, 已知页面SQL注入攻击,
4244618, 已知页面SQL注入攻击,
4244619, 已知页面SQL注入攻击,
4244620, 已知页面SQL注入攻击,
4244621, 已知页面SQL注入攻击,
4244622, 已知页面SQL注入攻击,
4244624, 已知页面SQL注入攻击,
4244625, 已知页面SQL注入攻击,
4244626, 已知页面SQL注入攻击,
4244627, 已知页面SQL注入攻击,
4244628, 已知页面SQL注入攻击,
4244629, 已知页面SQL注入攻击,
4244630, 已知页面SQL注入攻击,
4244631, 已知页面SQL注入攻击,
4244632, 已知页面SQL注入攻击,
4244633, 已知页面SQL注入攻击,
4250025,Is not in any EP rules,
4250026,Is not in any EP rules,
4250030,Is not in any EP rules,
4250032,Is not in any EP rules,
4250034,Is not in any EP rules,
4250035,Is not in any EP rules,
4250036,Is not in any EP rules,
4250037,Is not in any EP rules,
4250040,Is not in any EP rules,
4250041,Is not in any EP rules,
4250042,Is not in any EP rules,
4250043,Is not in any EP rules,
4250044,Is not in any EP rules,
4250090, 使用扫描工具对web服务扫描,
4250148,Is not in any EP rules,
4260001, 暴力破解WordPress xmlrpc服务,
4260012, 暴力破解WordPress xmlrpc服务,
4260013, 使用扫描工具对web服务扫描,
4260014, 针对web服务的DOS攻击,
4260020, 针对web服务的DOS攻击,
4260032, 暴力破解WordPress xmlrpc服务,
4270001,Is not in any EP rules,
